filename,width,height,class,xmin,ymin,xmax,ymax
01-20190414173130-00.jpg,480,640,dog,214,467,333,559
01-20190414173130-01.jpg,480,640,dog,214,465,337,556
01-20190414173130-02.jpg,480,640,dog,215,464,329,557
01-20190414173131-01.jpg,480,640,dog,217,460,335,557
01-20190414173131-02.jpg,480,640,dog,215,460,334,557
01-20190414173131-03.jpg,480,640,dog,216,460,333,556
01-20190414173131-04.jpg,480,640,dog,215,461,333,558
01-20190414173132-00.jpg,480,640,dog,215,461,332,557
01-20190414173132-01.jpg,480,640,dog,216,461,332,556
01-20190414173132-02.jpg,480,640,dog,216,459,332,558
01-20190414173132-03.jpg,480,640,dog,214,459,332,556
01-20190414173132-04.jpg,480,640,dog,215,456,334,557
01-20190414173133-00.jpg,480,640,dog,215,457,332,556
01-20190414173133-01.jpg,480,640,dog,219,455,333,556
01-20190414173133-02.jpg,480,640,dog,235,456,333,556
01-20190414173134-01.jpg,480,640,dog,216,455,327,556
01-20190414173134-02.jpg,480,640,dog,216,456,330,556
01-20190414173134-03.jpg,480,640,dog,216,456,332,556
01-20190414173134-04.jpg,480,640,dog,216,456,332,556
01-20190414173135-00.jpg,480,640,dog,216,456,331,557
01-20190414173135-01.jpg,480,640,dog,215,456,332,557
01-20190414173135-02.jpg,480,640,dog,215,457,332,556
01-20190414173135-03.jpg,480,640,dog,215,457,332,556
01-20190414173135-04.jpg,480,640,dog,215,456,334,556
01-20190414173136-00.jpg,480,640,dog,214,457,332,557
01-20190414173136-01.jpg,480,640,dog,198,456,315,556
01-20190414173136-02.jpg,480,640,dog,196,451,315,554
01-20190414173136-03.jpg,480,640,dog,196,443,317,555
01-20190414173136-04.jpg,480,640,dog,193,439,316,555
01-20190414173137-00.jpg,480,640,dog,195,415,312,554
01-20190414173137-01.jpg,480,640,dog,192,405,305,555
01-20190414173137-02.jpg,480,640,dog,174,406,304,568
01-20190414173137-03.jpg,480,640,dog,172,389,284,567
01-20190414173137-04.jpg,480,640,dog,171,431,273,581
01-20190414173138-00.jpg,480,640,dog,178,392,269,597
01-20190414173138-01.jpg,480,640,dog,184,427,267,598
01-20190414173138-02.jpg,480,640,dog,175,406,262,613
01-20190414173138-03.jpg,480,640,dog,173,425,262,626
01-20190414173138-04.jpg,480,640,dog,171,427,235,626
01-20190414173139-00.jpg,480,640,dog,167,429,245,628
01-20190414173139-01.jpg,480,640,dog,165,424,244,628
01-20190414173139-02.jpg,480,640,dog,167,433,257,627
01-20190414173139-03.jpg,480,640,dog,168,422,235,625
01-20190414173139-04.jpg,480,640,dog,169,430,248,626
01-20190414173140-00.jpg,480,640,dog,168,415,243,628
01-20190414173140-01.jpg,480,640,dog,169,430,245,625
01-20190414173140-02.jpg,480,640,dog,168,434,235,627
01-20190414173140-03.jpg,480,640,dog,169,419,236,627
01-20190414173140-04.jpg,480,640,dog,128,416,251,619
01-20190414173141-00.jpg,480,640,dog,74,415,226,619
01-20190414173141-01.jpg,480,640,dog,51,430,252,640
01-20190414173141-02.jpg,480,640,dog,31,417,223,640
01-20190414173141-03.jpg,480,640,dog,10,443,239,640
01-20190414173141-03.jpg,480,640,dog,401,492,480,639
01-20190414173141-04.jpg,480,640,dog,1,424,222,640
01-20190414173141-04.jpg,480,640,dog,361,475,480,638
01-20190414173142-00.jpg,480,640,dog,1,435,226,637
01-20190414173142-00.jpg,480,640,dog,338,458,480,631
01-20190414173142-01.jpg,480,640,dog,1,454,203,638
01-20190414173142-01.jpg,480,640,dog,333,441,480,637
01-20190414173142-02.jpg,480,640,dog,1,446,191,640
01-20190414173142-02.jpg,480,640,dog,330,430,478,640
01-20190414173142-03.jpg,480,640,dog,1,469,178,640
01-20190414173142-03.jpg,480,640,dog,315,422,478,640
01-20190414173142-04.jpg,480,640,dog,1,423,179,640
01-20190414173142-04.jpg,480,640,dog,311,419,467,639
01-20190414173143-00.jpg,480,640,dog,1,458,183,639
01-20190414173143-00.jpg,480,640,dog,303,416,401,640
01-20190414173143-01.jpg,480,640,dog,1,432,190,640
01-20190414173143-01.jpg,480,640,dog,290,420,434,615
01-20190414173143-02.jpg,480,640,dog,2,438,197,640
01-20190414173143-02.jpg,480,640,dog,285,425,400,615
01-20190414173143-03.jpg,480,640,dog,1,465,177,639
01-20190414173143-03.jpg,480,640,dog,256,424,404,612
01-20190414173143-04.jpg,480,640,dog,1,449,177,640
01-20190414173143-04.jpg,480,640,dog,282,421,401,612
01-20190414173144-00.jpg,480,640,dog,1,464,178,639
01-20190414173144-00.jpg,480,640,dog,283,419,396,615
01-20190414173144-01.jpg,480,640,dog,1,428,178,640
01-20190414173144-01.jpg,480,640,dog,284,420,384,614
01-20190414173144-02.jpg,480,640,dog,1,444,177,640
01-20190414173144-02.jpg,480,640,dog,281,414,369,613
01-20190414173144-03.jpg,480,640,dog,1,451,186,638
01-20190414173144-03.jpg,480,640,dog,282,406,369,613
01-20190414173144-04.jpg,480,640,dog,1,430,179,639
01-20190414173144-04.jpg,480,640,dog,283,413,374,614
01-20190414173145-00.jpg,480,640,dog,1,467,178,640
01-20190414173145-00.jpg,480,640,dog,282,419,382,615
01-20190414173145-01.jpg,480,640,dog,2,421,178,640
01-20190414173145-01.jpg,480,640,dog,280,437,390,613
01-20190414173145-02.jpg,480,640,dog,1,463,179,640
01-20190414173145-02.jpg,480,640,dog,282,439,389,615
01-20190414173145-03.jpg,480,640,dog,1,441,187,640
01-20190414173145-03.jpg,480,640,dog,282,429,397,612
01-20190414173145-04.jpg,480,640,dog,1,426,178,640
01-20190414173145-04.jpg,480,640,dog,279,430,366,613
01-20190414173146-00.jpg,480,640,dog,1,464,176,639
01-20190414173146-00.jpg,480,640,dog,303,428,369,615
01-20190414173146-01.jpg,480,640,dog,1,453,178,640
01-20190414173146-01.jpg,480,640,dog,292,426,381,615
01-20190414173146-02.jpg,480,640,dog,1,464,176,639
01-20190414173146-02.jpg,480,640,dog,306,423,390,603
01-20190414173146-03.jpg,480,640,dog,1,439,194,640
01-20190414173146-03.jpg,480,640,dog,292,415,401,572
01-20190414173146-04.jpg,480,640,dog,1,462,175,640
01-20190414173146-04.jpg,480,640,dog,271,411,404,569
01-20190414173147-00.jpg,480,640,dog,1,451,206,639
01-20190414173147-00.jpg,480,640,dog,309,410,405,554
01-20190414173147-01.jpg,480,640,dog,1,450,200,640
01-20190414173147-01.jpg,480,640,dog,301,408,407,553
01-20190414173147-02.jpg,480,640,dog,1,463,178,640
01-20190414173147-02.jpg,480,640,dog,290,404,409,553
01-20190414173147-03.jpg,480,640,dog,1,462,178,639
01-20190414173147-03.jpg,480,640,dog,320,400,407,553
01-20190414173147-04.jpg,480,640,dog,1,462,176,640
01-20190414173147-04.jpg,480,640,dog,304,398,405,556
01-20190414173148-00.jpg,480,640,dog,1,442,202,639
01-20190414173148-00.jpg,480,640,dog,290,400,405,555
01-20190414173148-01.jpg,480,640,dog,1,445,204,640
01-20190414173148-01.jpg,480,640,dog,319,401,403,553
01-20190414173148-02.jpg,480,640,dog,1,463,190,639
01-20190414173148-02.jpg,480,640,dog,274,398,371,554
01-20190414173148-03.jpg,480,640,dog,1,467,181,640
01-20190414173148-03.jpg,480,640,dog,302,396,361,553
01-20190414173148-04.jpg,480,640,dog,8,461,172,640
01-20190414173148-04.jpg,480,640,dog,299,398,389,548
01-20190414173149-00.jpg,480,640,dog,23,458,186,640
01-20190414173149-00.jpg,480,640,dog,274,397,349,534
01-20190414173149-01.jpg,480,640,dog,55,450,171,640
01-20190414173149-01.jpg,480,640,dog,288,393,365,530
01-20190414173149-02.jpg,480,640,dog,75,446,202,640
01-20190414173149-02.jpg,480,640,dog,289,381,348,514
01-20190414173149-03.jpg,480,640,dog,26,448,227,640
01-20190414173149-03.jpg,480,640,dog,291,377,345,510
01-20190414173149-04.jpg,480,640,dog,88,453,266,640
01-20190414173149-04.jpg,480,640,dog,287,377,382,515
01-20190414173150-00.jpg,480,640,dog,96,455,295,638
01-20190414173150-00.jpg,480,640,dog,272,379,340,514
01-20190414173150-01.jpg,480,640,dog,137,447,328,616
01-20190414173150-01.jpg,480,640,dog,289,377,379,516
01-20190414173150-02.jpg,480,640,dog,143,459,372,612
01-20190414173150-02.jpg,480,640,dog,287,376,356,467
01-20190414173150-03.jpg,480,640,dog,200,458,409,604
01-20190414173150-03.jpg,480,640,dog,285,378,338,467
01-20190414173150-04.jpg,480,640,dog,214,450,441,601
01-20190414173150-04.jpg,480,640,dog,288,383,364,464
01-20190414173151-00.jpg,480,640,dog,267,439,460,593
01-20190414173151-00.jpg,480,640,dog,277,390,337,465
01-20190414173151-01.jpg,480,640,dog,287,391,332,473
01-20190414173151-01.jpg,480,640,dog,275,434,480,597
01-20190414173151-02.jpg,480,640,dog,251,434,480,596
01-20190414173151-02.jpg,480,640,dog,284,391,363,515
01-20190414173151-03.jpg,480,640,dog,307,428,480,598
01-20190414173151-03.jpg,480,640,dog,265,393,334,516
01-20190414173151-04.jpg,480,640,dog,312,432,459,593
01-20190414173151-04.jpg,480,640,dog,287,383,354,517
01-20190414173152-00.jpg,480,640,dog,283,375,356,516
01-20190414173152-00.jpg,480,640,dog,328,423,446,581
01-20190414173152-01.jpg,480,640,dog,250,373,324,514
01-20190414173152-01.jpg,480,640,dog,288,413,416,583
01-20190414173152-02.jpg,480,640,dog,260,377,340,516
01-20190414173152-02.jpg,480,640,dog,357,407,420,586
01-20190414173152-03.jpg,480,640,dog,249,381,342,516
01-20190414173152-03.jpg,480,640,dog,351,403,419,584
01-20190414173152-04.jpg,480,640,dog,244,384,344,517
01-20190414173152-04.jpg,480,640,dog,339,400,412,556
01-20190414173153-00.jpg,480,640,dog,253,380,339,515
01-20190414173153-00.jpg,480,640,dog,329,397,422,557
01-20190414173153-01.jpg,480,640,dog,206,379,321,530
01-20190414173153-01.jpg,480,640,dog,312,396,415,545
01-20190414173153-02.jpg,480,640,dog,239,387,322,531
01-20190414173153-02.jpg,480,640,dog,306,392,415,529
01-20190414173153-03.jpg,480,640,dog,227,383,302,536
01-20190414173153-03.jpg,480,640,dog,288,386,385,518
01-20190414173153-04.jpg,480,640,dog,180,388,300,540
01-20190414173153-04.jpg,480,640,dog,282,367,368,519
01-20190414173154-00.jpg,480,640,dog,210,387,299,559
01-20190414173154-00.jpg,480,640,dog,279,362,365,521
01-20190414173154-01.jpg,480,640,dog,162,392,303,559
01-20190414173154-01.jpg,480,640,dog,275,361,372,505
01-20190414173154-02.jpg,480,640,dog,156,393,302,558
01-20190414173154-02.jpg,480,640,dog,272,358,355,504
01-20190414173154-03.jpg,480,640,dog,198,393,303,561
01-20190414173154-03.jpg,480,640,dog,274,353,336,498
01-20190414173154-04.jpg,480,640,dog,170,390,308,558
01-20190414173154-04.jpg,480,640,dog,267,349,328,496
01-20190414173155-00.jpg,480,640,dog,202,400,334,559
01-20190414173155-00.jpg,480,640,dog,263,353,329,495
01-20190414173155-01.jpg,480,640,dog,151,420,352,556
01-20190414173155-01.jpg,480,640,dog,254,354,338,438
01-20190414173155-02.jpg,480,640,dog,175,413,361,556
01-20190414173155-02.jpg,480,640,dog,247,353,329,447
01-20190414173155-03.jpg,480,640,dog,195,417,385,563
01-20190414173155-03.jpg,480,640,dog,245,352,327,447
01-20190414173155-04.jpg,480,640,dog,227,419,398,565
01-20190414173155-04.jpg,480,640,dog,248,349,333,452
01-20190414173156-00.jpg,480,640,dog,248,427,405,576
01-20190414173156-00.jpg,480,640,dog,252,348,336,449
01-20190414173156-01.jpg,480,640,dog,255,351,335,446
01-20190414173156-01.jpg,480,640,dog,226,427,382,582
01-20190414173156-02.jpg,480,640,dog,267,412,370,581
01-20190414173156-02.jpg,480,640,dog,259,359,343,450
01-20190414173156-03.jpg,480,640,dog,227,400,357,578
01-20190414173156-03.jpg,480,640,dog,264,368,346,434
01-20190414173156-04.jpg,480,640,dog,267,399,363,559
01-20190414173157-00.jpg,480,640,dog,258,404,409,561
01-20190414173157-01.jpg,480,640,dog,259,407,435,579
01-20190414173157-01.jpg,480,640,dog,238,419,290,523
01-20190414173157-02.jpg,480,640,dog,265,438,413,581
01-20190414173157-02.jpg,480,640,dog,222,435,286,557
01-20190414173157-03.jpg,480,640,dog,259,442,476,587
01-20190414173157-03.jpg,480,640,dog,204,431,321,578
01-20190414173157-04.jpg,480,640,dog,255,452,456,599
01-20190414173157-04.jpg,480,640,dog,182,437,316,581
01-20190414173158-00.jpg,480,640,dog,227,463,447,632
01-20190414173158-00.jpg,480,640,dog,174,433,310,631
01-20190414173158-01.jpg,480,640,dog,216,460,398,633
01-20190414173158-01.jpg,480,640,dog,174,424,280,630
01-20190414173158-02.jpg,480,640,dog,172,455,281,640
01-20190414173158-02.jpg,480,640,dog,223,456,416,640
01-20190414173158-03.jpg,480,640,dog,170,439,278,640
01-20190414173158-03.jpg,480,640,dog,231,454,416,640
01-20190414173158-04.jpg,480,640,dog,161,456,297,640
01-20190414173158-04.jpg,480,640,dog,199,482,383,640
01-20190414173159-00.jpg,480,640,dog,182,458,324,580
01-20190414173159-00.jpg,480,640,dog,167,485,421,640
01-20190414173159-01.jpg,480,640,dog,189,446,363,579
01-20190414173159-01.jpg,480,640,dog,130,501,374,640
01-20190414173159-02.jpg,480,640,dog,162,466,420,574
01-20190414173159-02.jpg,480,640,dog,92,532,433,640
01-20190414173159-03.jpg,480,640,dog,235,454,453,572
01-20190414173159-03.jpg,480,640,dog,49,549,376,640
01-20190414173159-04.jpg,480,640,dog,253,440,480,586
01-20190414173159-04.jpg,480,640,dog,6,524,275,640
01-20190414173200-00.jpg,480,640,dog,299,455,480,581
01-20190414173200-00.jpg,480,640,dog,1,578,237,640
01-20190414173200-01.jpg,480,640,dog,367,438,480,572
01-20190414173200-01.jpg,480,640,dog,2,571,297,640
01-20190414173202-02.jpg,480,640,dog,2,515,215,640
01-20190414173202-03.jpg,480,640,dog,2,492,236,640
01-20190414173202-04.jpg,480,640,dog,4,474,288,640
01-20190414173203-00.jpg,480,640,dog,94,474,310,640
01-20190414173203-01.jpg,480,640,dog,128,467,337,640
01-20190414173203-02.jpg,480,640,dog,169,452,360,623
01-20190414173203-03.jpg,480,640,dog,173,455,400,627
01-20190414173203-04.jpg,480,640,dog,228,449,434,607
01-20190414173204-00.jpg,480,640,dog,268,446,480,607
01-20190414173204-01.jpg,480,640,dog,277,426,480,577
01-20190414173204-02.jpg,480,640,dog,324,443,480,581
01-20190414173204-03.jpg,480,640,dog,333,436,480,580
01-20190414173204-04.jpg,480,640,dog,379,450,480,580
01-20190414173208-02.jpg,480,640,dog,390,463,480,610
01-20190414173208-03.jpg,480,640,dog,373,452,480,606
01-20190414173208-04.jpg,480,640,dog,356,449,480,610
01-20190414173209-00.jpg,480,640,dog,338,436,480,609
01-20190414173209-01.jpg,480,640,dog,319,433,480,607
01-20190414173209-01.jpg,480,640,dog,373,427,480,491
01-20190414173209-02.jpg,480,640,dog,300,422,480,602
01-20190414173209-02.jpg,480,640,dog,364,416,480,504
01-20190414173209-03.jpg,480,640,dog,286,417,441,599
01-20190414173209-03.jpg,480,640,dog,350,412,480,547
01-20190414173209-04.jpg,480,640,dog,287,407,397,580
01-20190414173209-04.jpg,480,640,dog,328,412,480,549
01-20190414173210-00.jpg,480,640,dog,270,400,424,579
01-20190414173210-00.jpg,480,640,dog,315,406,480,548
01-20190414173210-01.jpg,480,640,dog,257,398,377,581
01-20190414173210-01.jpg,480,640,dog,314,400,480,549
01-20190414173210-02.jpg,480,640,dog,260,395,336,581
01-20190414173210-02.jpg,480,640,dog,305,410,480,547
01-20190414173210-03.jpg,480,640,dog,212,401,334,569
01-20190414173210-03.jpg,480,640,dog,302,406,480,536
01-20190414173210-04.jpg,480,640,dog,222,415,351,566
01-20190414173210-04.jpg,480,640,dog,303,407,480,532
01-20190414173211-00.jpg,480,640,dog,175,428,360,567
01-20190414173211-00.jpg,480,640,dog,291,414,463,528
01-20190414173211-01.jpg,480,640,dog,166,432,372,562
01-20190414173211-01.jpg,480,640,dog,274,400,431,530
01-20190414173211-02.jpg,480,640,dog,225,439,400,570
01-20190414173211-02.jpg,480,640,dog,259,414,455,531
01-20190414173211-03.jpg,480,640,dog,187,436,421,591
01-20190414173211-03.jpg,480,640,dog,247,410,411,523
01-20190414173211-04.jpg,480,640,dog,248,428,454,590
01-20190414173211-04.jpg,480,640,dog,236,404,375,509
01-20190414173212-00.jpg,480,640,dog,241,442,479,614
01-20190414173212-00.jpg,480,640,dog,224,413,388,536
01-20190414173212-01.jpg,480,640,dog,295,423,480,619
01-20190414173212-01.jpg,480,640,dog,210,391,356,544
01-20190414173212-02.jpg,480,640,dog,190,402,332,545
01-20190414173212-02.jpg,480,640,dog,279,438,478,640
01-20190414173212-03.jpg,480,640,dog,170,396,339,560
01-20190414173212-03.jpg,480,640,dog,289,444,479,640
01-20190414173212-04.jpg,480,640,dog,136,395,318,561
01-20190414173212-04.jpg,480,640,dog,344,454,480,634
01-20190414173213-00.jpg,480,640,dog,106,412,305,580
01-20190414173213-00.jpg,480,640,dog,291,462,480,637
01-20190414173213-01.jpg,480,640,dog,78,421,293,582
01-20190414173213-01.jpg,480,640,dog,316,484,479,640
01-20190414173213-02.jpg,480,640,dog,55,411,262,582
01-20190414173213-02.jpg,480,640,dog,335,471,480,635
01-20190414173213-03.jpg,480,640,dog,23,401,219,584
01-20190414173213-03.jpg,480,640,dog,349,478,480,631
01-20190414173213-04.jpg,480,640,dog,1,450,203,588
01-20190414173213-04.jpg,480,640,dog,346,482,480,624
01-20190414173214-00.jpg,480,640,dog,1,416,193,632
01-20190414173214-00.jpg,480,640,dog,385,442,480,626
01-20190414173214-01.jpg,480,640,dog,1,431,151,635
01-20190414173214-02.jpg,480,640,dog,6,418,160,640
01-20190414173214-02.jpg,480,640,dog,404,467,480,634
01-20190414173214-03.jpg,480,640,dog,13,404,120,640
01-20190414173214-03.jpg,480,640,dog,390,493,480,637
01-20190414173214-04.jpg,480,640,dog,12,420,141,640
01-20190414173214-04.jpg,480,640,dog,340,492,480,636
01-20190414173215-00.jpg,480,640,dog,22,449,183,640
01-20190414173215-00.jpg,480,640,dog,303,489,480,627
01-20190414173215-01.jpg,480,640,dog,1,490,216,640
01-20190414173215-01.jpg,480,640,dog,268,489,480,638
01-20190414173215-02.jpg,480,640,dog,1,476,226,640
01-20190414173215-02.jpg,480,640,dog,236,499,480,638
01-20190414173215-03.jpg,480,640,dog,8,477,231,640
01-20190414173215-03.jpg,480,640,dog,222,493,480,639
01-20190414173215-04.jpg,480,640,dog,1,499,243,640
01-20190414173215-04.jpg,480,640,dog,207,482,463,640
01-20190414173216-00.jpg,480,640,dog,30,481,270,640
01-20190414173216-00.jpg,480,640,dog,200,487,479,640
01-20190414173216-01.jpg,480,640,dog,1,523,289,640
01-20190414173216-01.jpg,480,640,dog,185,477,426,640
01-20190414173216-02.jpg,480,640,dog,1,537,323,639
01-20190414173216-02.jpg,480,640,dog,188,469,420,640
01-20190414173216-03.jpg,480,640,dog,187,465,411,637
01-20190414173216-03.jpg,480,640,dog,89,515,347,640
01-20190414173216-04.jpg,480,640,dog,185,457,403,562
01-20190414173216-04.jpg,480,640,dog,40,542,369,639
01-20190414173217-00.jpg,480,640,dog,198,452,381,573
01-20190414173217-00.jpg,480,640,dog,41,544,397,640
01-20190414173217-01.jpg,480,640,dog,208,445,317,576
01-20190414173217-01.jpg,480,640,dog,124,504,416,640
01-20190414173217-02.jpg,480,640,dog,219,436,304,587
01-20190414173217-02.jpg,480,640,dog,177,522,439,640
01-20190414173217-03.jpg,480,640,dog,220,427,336,597
01-20190414173217-03.jpg,480,640,dog,186,511,442,640
01-20190414173217-04.jpg,480,640,dog,181,424,287,612
01-20190414173217-04.jpg,480,640,dog,215,508,461,640
01-20190414173218-00.jpg,480,640,dog,229,420,295,585
01-20190414173218-00.jpg,480,640,dog,275,505,473,640
01-20190414173218-01.jpg,480,640,dog,230,409,308,574
01-20190414173218-01.jpg,480,640,dog,255,492,471,640
01-20190414173218-02.jpg,480,640,dog,218,409,311,562
01-20190414173218-02.jpg,480,640,dog,345,477,478,640
01-20190414173218-03.jpg,480,640,dog,241,400,326,546
01-20190414173218-03.jpg,480,640,dog,328,472,476,640
01-20190414173218-04.jpg,480,640,dog,222,396,315,540
01-20190414173218-04.jpg,480,640,dog,327,464,480,637
01-20190414173219-00.jpg,480,640,dog,253,382,311,526
01-20190414173219-00.jpg,480,640,dog,402,451,480,639
01-20190414173219-01.jpg,480,640,dog,259,380,316,526
01-20190414173219-01.jpg,480,640,dog,346,446,479,640
01-20190414173219-02.jpg,480,640,dog,233,382,319,525
01-20190414173219-02.jpg,480,640,dog,385,431,480,638
01-20190414173219-03.jpg,480,640,dog,259,378,320,524
01-20190414173219-03.jpg,480,640,dog,384,427,478,639
01-20190414173219-04.jpg,480,640,dog,226,377,315,522
01-20190414173219-04.jpg,480,640,dog,383,425,480,637
01-20190414173220-00.jpg,480,640,dog,256,375,317,527
01-20190414173220-00.jpg,480,640,dog,380,426,480,639
01-20190414173220-01.jpg,480,640,dog,224,376,316,518
01-20190414173220-01.jpg,480,640,dog,386,423,480,638
01-20190414173220-02.jpg,480,640,dog,256,378,315,516
01-20190414173220-02.jpg,480,640,dog,387,426,479,640
01-20190414173220-03.jpg,480,640,dog,257,381,317,519
01-20190414173220-03.jpg,480,640,dog,388,426,480,638
01-20190414173220-04.jpg,480,640,dog,225,382,314,518
01-20190414173220-04.jpg,480,640,dog,390,425,479,640
01-20190414173221-00.jpg,480,640,dog,258,385,319,516
01-20190414173221-00.jpg,480,640,dog,388,425,478,639
01-20190414173221-01.jpg,480,640,dog,244,381,313,519
01-20190414173221-01.jpg,480,640,dog,393,424,480,637
01-20190414173221-02.jpg,480,640,dog,257,381,318,516
01-20190414173221-02.jpg,480,640,dog,392,424,478,638
01-20190414173221-03.jpg,480,640,dog,241,383,318,518
01-20190414173221-03.jpg,480,640,dog,391,425,479,640
01-20190414173221-04.jpg,480,640,dog,233,380,316,517
01-20190414173221-04.jpg,480,640,dog,391,425,479,640
01-20190414173222-00.jpg,480,640,dog,256,379,316,520
01-20190414173222-00.jpg,480,640,dog,388,425,480,636
01-20190414173222-01.jpg,480,640,dog,248,377,328,518
01-20190414173222-01.jpg,480,640,dog,392,425,479,640
01-20190414173222-02.jpg,480,640,dog,257,379,335,525
01-20190414173222-02.jpg,480,640,dog,391,427,480,638
01-20190414173222-03.jpg,480,640,dog,256,380,339,517
01-20190414173222-03.jpg,480,640,dog,388,427,479,640
01-20190414173222-04.jpg,480,640,dog,218,380,342,518
01-20190414173222-04.jpg,480,640,dog,389,427,479,640
01-20190414173223-00.jpg,480,640,dog,245,386,340,520
01-20190414173223-00.jpg,480,640,dog,392,427,479,640
01-20190414173223-01.jpg,480,640,dog,234,394,351,514
01-20190414173223-01.jpg,480,640,dog,391,427,480,638
01-20190414173223-02.jpg,480,640,dog,254,401,368,517
01-20190414173223-02.jpg,480,640,dog,390,427,479,640
01-20190414173223-03.jpg,480,640,dog,218,411,379,517
01-20190414173223-03.jpg,480,640,dog,389,428,480,637
01-20190414173223-04.jpg,480,640,dog,235,413,400,516
01-20190414173223-04.jpg,480,640,dog,393,427,479,638
01-20190414173224-00.jpg,480,640,dog,267,416,409,531
01-20190414173224-00.jpg,480,640,dog,394,428,480,638
01-20190414173224-01.jpg,480,640,dog,286,417,468,529
01-20190414173224-01.jpg,480,640,dog,391,431,479,639
01-20190414173224-02.jpg,480,640,dog,283,423,479,527
01-20190414173224-02.jpg,480,640,dog,372,445,479,640
01-20190414173224-03.jpg,480,640,dog,284,428,480,530
01-20190414173224-03.jpg,480,640,dog,370,442,480,639
01-20190414173224-04.jpg,480,640,dog,328,429,480,517
01-20190414173224-04.jpg,480,640,dog,356,450,480,638
01-20190414173225-00.jpg,480,640,dog,334,452,480,634
01-20190414173225-01.jpg,480,640,dog,312,435,469,632
01-20190414173225-02.jpg,480,640,dog,288,425,460,601
01-20190414173225-03.jpg,480,640,dog,280,420,447,596
01-20190414173225-04.jpg,480,640,dog,278,412,385,559
01-20190414173225-04.jpg,480,640,dog,379,441,480,566
01-20190414173226-00.jpg,480,640,dog,273,387,413,539
01-20190414173226-01.jpg,480,640,dog,280,369,356,537
01-20190414173226-02.jpg,480,640,dog,285,360,353,525
01-20190414173226-02.jpg,480,640,dog,392,401,480,563
01-20190414173226-03.jpg,480,640,dog,287,350,357,523
01-20190414173226-03.jpg,480,640,dog,384,397,480,564
01-20190414173226-04.jpg,480,640,dog,266,349,335,511
01-20190414173226-04.jpg,480,640,dog,376,388,477,548
01-20190414173227-00.jpg,480,640,dog,284,350,345,504
01-20190414173227-00.jpg,480,640,dog,373,382,480,551
01-20190414173227-01.jpg,480,640,dog,253,345,330,502
01-20190414173227-01.jpg,480,640,dog,377,380,474,550
01-20190414173227-02.jpg,480,640,dog,273,333,324,496
01-20190414173227-02.jpg,480,640,dog,376,380,473,547
01-20190414173227-03.jpg,480,640,dog,269,332,320,490
01-20190414173227-03.jpg,480,640,dog,374,382,480,547
01-20190414173227-04.jpg,480,640,dog,272,332,335,495
01-20190414173227-04.jpg,480,640,dog,370,375,471,540
01-20190414173228-00.jpg,480,640,dog,276,337,337,491
01-20190414173228-00.jpg,480,640,dog,366,381,468,537
01-20190414173228-01.jpg,480,640,dog,276,343,358,489
01-20190414173228-01.jpg,480,640,dog,366,380,471,537
01-20190414173228-02.jpg,480,640,dog,278,345,368,489
01-20190414173228-02.jpg,480,640,dog,363,387,450,533
01-20190414173228-03.jpg,480,640,dog,244,343,374,487
01-20190414173228-03.jpg,480,640,dog,359,380,452,534
01-20190414173228-04.jpg,480,640,dog,277,344,382,476
01-20190414173228-04.jpg,480,640,dog,328,393,431,535
01-20190414173229-00.jpg,480,640,dog,244,347,382,479
01-20190414173229-00.jpg,480,640,dog,329,388,419,548
01-20190414173229-01.jpg,480,640,dog,283,340,384,443
01-20190414173229-01.jpg,480,640,dog,327,385,400,549
01-20190414173229-02.jpg,480,640,dog,247,339,376,437
01-20190414173229-02.jpg,480,640,dog,327,392,407,551
01-20190414173229-03.jpg,480,640,dog,244,341,389,434
01-20190414173229-03.jpg,480,640,dog,329,394,421,551
01-20190414173229-04.jpg,480,640,dog,277,343,379,433
01-20190414173229-04.jpg,480,640,dog,325,405,413,553
01-20190414173239-00.jpg,480,640,dog,270,426,398,563
01-20190414173239-00.jpg,480,640,dog,216,387,368,501
01-20190414173239-04.jpg,480,640,dog,253,421,378,569
01-20190414173239-04.jpg,480,640,dog,248,385,380,485
01-20190414173240-04.jpg,480,640,dog,250,455,409,568
01-20190414173240-04.jpg,480,640,dog,227,405,377,485
01-20190414173244-01.jpg,480,640,dog,218,465,384,570
01-20190414173244-01.jpg,480,640,dog,128,423,273,585
01-20190414173246-03.jpg,480,640,dog,215,466,396,571
01-20190414173247-04.jpg,480,640,dog,217,464,402,572
01-20190414173249-02.jpg,480,640,dog,210,465,394,571
01-20190414173251-00.jpg,480,640,dog,215,472,399,573
01-20190414173252-00.jpg,480,640,dog,214,469,395,570
01-20190414173253-00.jpg,480,640,dog,214,473,389,574
01-20190414173254-00.jpg,480,640,dog,213,470,391,573
01-20190414173256-00.jpg,480,640,dog,222,472,392,573
01-20190414173257-00.jpg,480,640,dog,214,471,391,574
01-20190414173258-00.jpg,480,640,dog,214,474,391,575
01-20190414173259-00.jpg,480,640,dog,213,473,391,572
01-20190414173300-00.jpg,480,640,dog,214,476,400,580
01-20190414173301-00.jpg,480,640,dog,215,475,405,578
01-20190414173302-00.jpg,480,640,dog,212,478,409,576
01-20190414173303-00.jpg,480,640,dog,216,480,416,581
01-20190414173304-00.jpg,480,640,dog,228,467,414,569
01-20190414173305-00.jpg,480,640,dog,225,475,423,563
01-20190414173306-00.jpg,480,640,dog,226,474,436,560
01-20190414173307-00.jpg,480,640,dog,222,474,427,563
01-20190414173308-00.jpg,480,640,dog,248,465,398,560
01-20190414173309-00.jpg,480,640,dog,243,466,408,561
01-20190414173310-00.jpg,480,640,dog,238,471,409,565
01-20190414173313-00.jpg,480,640,dog,235,471,405,556
01-20190414173320-00.jpg,480,640,dog,229,469,409,556
01-20190414173339-00.jpg,480,640,dog,230,474,408,545
01-20190414173352-00.jpg,480,640,dog,231,474,413,565
01-20190414173400-00.jpg,480,640,dog,230,473,398,565
01-20190414173417-00.jpg,480,640,dog,235,474,411,568
01-20190414173420-00.jpg,480,640,dog,231,474,412,562
01-20190414173423-00.jpg,480,640,dog,233,473,423,563
01-20190414173426-00.jpg,480,640,dog,230,470,427,544
01-20190414173430-00.jpg,480,640,dog,233,474,425,543
01-20190414173523-00.jpg,480,640,dog,237,475,436,550
01-20190414173526-00.jpg,480,640,dog,234,475,436,549
01-20190414173536-00.jpg,480,640,dog,238,474,435,552
01-20190414173544-00.jpg,480,640,dog,238,474,435,545
01-20190414173548-00.jpg,480,640,dog,237,474,436,547
01-20190414173629-00.jpg,480,640,dog,236,474,445,551
01-20190414173632-00.jpg,480,640,dog,237,476,436,552
01-20190414173708-00.jpg,480,640,dog,237,475,436,548
01-20190414173728-00.jpg,480,640,dog,237,464,435,555
01-20190414173731-00.jpg,480,640,dog,234,460,434,553
01-20190414173740-01.jpg,480,640,dog,268,436,480,568
01-20190414173741-00.jpg,480,640,dog,360,420,480,615
01-20190414173745-00.jpg,480,640,dog,263,387,324,526
01-20190414173746-00.jpg,480,640,dog,262,389,322,517
01-20190414173748-00.jpg,480,640,dog,245,395,320,524
01-20190414173750-00.jpg,480,640,dog,228,395,322,523
01-20190414173752-00.jpg,480,640,dog,270,349,335,503
01-20190414173753-00.jpg,480,640,dog,278,343,338,490
01-20190414173754-00.jpg,480,640,dog,268,340,338,441
01-20190414173755-00.jpg,480,640,dog,264,346,367,431
01-20190414173756-00.jpg,480,640,dog,256,347,384,431
01-20190414173758-00.jpg,480,640,dog,287,353,361,434
01-20190414173759-00.jpg,480,640,dog,276,344,365,434
01-20190414173800-00.jpg,480,640,dog,275,353,373,434
01-20190414173805-00.jpg,480,640,dog,273,351,368,432
02-20190414173957-00.jpg,480,640,dog,277,317,372,437
02-20190414173958-00.jpg,480,640,dog,252,322,376,434
02-20190414174002-00.jpg,480,640,dog,237,325,352,434
02-20190414174005-00.jpg,480,640,dog,240,328,325,432
02-20190414174007-00.jpg,480,640,dog,224,323,341,432
02-20190414174010-00.jpg,480,640,dog,244,302,362,432
02-20190414174014-00.jpg,480,640,dog,255,316,351,435
02-20190414174019-00.jpg,480,640,dog,246,320,349,434
02-20190414174023-04.jpg,480,640,dog,257,349,364,423
02-20190414174033-00.jpg,480,640,dog,267,344,383,423
02-20190414174034-00.jpg,480,640,dog,266,344,376,424
02-20190414174035-00.jpg,480,640,dog,267,348,384,426
02-20190414174042-00.jpg,480,640,dog,302,357,370,429
02-20190414174044-00.jpg,480,640,dog,301,357,374,430
02-20190414174046-00.jpg,480,640,dog,302,362,370,431
02-20190414174047-00.jpg,480,640,dog,298,361,369,430
02-20190414174050-00.jpg,480,640,dog,298,360,369,430
02-20190414174051-00.jpg,480,640,dog,300,360,370,432
02-20190414174106-00.jpg,480,640,dog,310,360,380,435
02-20190414174107-00.jpg,480,640,dog,310,361,385,433
02-20190414174110-00.jpg,480,640,dog,308,362,393,435
02-20190414174111-00.jpg,480,640,dog,297,337,450,442
02-20190414174112-00.jpg,480,640,dog,318,345,460,440
02-20190414174129-00.jpg,480,640,dog,266,335,383,430
02-20190414174129-00.jpg,480,640,dog,258,435,417,631
02-20190414174131-00.jpg,480,640,dog,242,344,389,431
02-20190414174131-00.jpg,480,640,dog,236,398,294,580
02-20190414174133-00.jpg,480,640,dog,268,333,395,430
02-20190414174133-00.jpg,480,640,dog,240,400,297,580
02-20190414174134-00.jpg,480,640,dog,271,342,396,432
02-20190414174134-00.jpg,480,640,dog,241,398,295,579
02-20190414174136-00.jpg,480,640,dog,276,343,395,440
02-20190414174136-00.jpg,480,640,dog,240,402,293,581
02-20190414174139-00.jpg,480,640,dog,261,349,399,429
02-20190414174139-00.jpg,480,640,dog,239,399,292,579
02-20190414174141-00.jpg,480,640,dog,280,346,400,436
02-20190414174141-00.jpg,480,640,dog,241,401,308,579
02-20190414174148-00.jpg,480,640,dog,310,361,441,536
02-20190414174148-00.jpg,480,640,dog,259,384,305,526
02-20190414174149-00.jpg,480,640,dog,214,386,328,524
02-20190414174150-00.jpg,480,640,dog,227,391,354,528
02-20190414174151-00.jpg,480,640,dog,233,383,345,538
02-20190414174152-00.jpg,480,640,dog,192,392,347,536
02-20190414174157-00.jpg,480,640,dog,253,405,311,532
02-20190414174159-00.jpg,480,640,dog,252,399,301,535
02-20190414174159-00.jpg,480,640,dog,288,410,404,599
02-20190414174200-00.jpg,480,640,dog,249,397,304,534
02-20190414174200-00.jpg,480,640,dog,296,405,376,602
02-20190414174203-00.jpg,480,640,dog,301,403,379,570
02-20190414174205-00.jpg,480,640,dog,76,452,259,640
02-20190414174205-00.jpg,480,640,dog,260,381,370,511
02-20190414174208-00.jpg,480,640,dog,338,416,477,564
02-20190414174210-00.jpg,480,640,dog,371,423,480,569
02-20190414174229-00.jpg,480,640,dog,373,394,480,536
02-20190414174230-00.jpg,480,640,dog,313,381,480,520
02-20190414174230-01.jpg,480,640,dog,295,349,424,513
02-20190414174231-00.jpg,480,640,dog,251,334,368,424
02-20190414174232-00.jpg,480,640,dog,255,335,389,425
02-20190414174233-00.jpg,480,640,dog,262,337,358,424
02-20190414174234-00.jpg,480,640,dog,297,335,369,499
02-20190414174235-00.jpg,480,640,dog,317,444,478,640
02-20190414174248-04.jpg,480,640,dog,350,363,480,445
02-20190414174250-00.jpg,480,640,dog,332,427,425,618
02-20190414174250-00.jpg,480,640,dog,323,349,442,442
02-20190414174251-00.jpg,480,640,dog,281,349,441,431
02-20190414174251-00.jpg,480,640,dog,320,435,478,576
02-20190414174252-00.jpg,480,640,dog,277,336,411,431
02-20190414174253-00.jpg,480,640,dog,305,322,384,451
02-20190414174254-00.jpg,480,640,dog,281,404,435,564
02-20190414174354-00.jpg,480,640,dog,52,493,312,640
02-20190414174354-00.jpg,480,640,dog,311,468,480,637
02-20190414174356-00.jpg,480,640,dog,269,417,428,622
02-20190414174356-00.jpg,480,640,dog,99,496,263,640
02-20190414174357-00.jpg,480,640,dog,294,426,479,606
02-20190414174357-00.jpg,480,640,dog,38,513,314,640
02-20190414174359-00.jpg,480,640,dog,234,471,466,606
02-20190414174359-00.jpg,480,640,dog,99,506,335,640
02-20190414174401-00.jpg,480,640,dog,252,465,434,599
02-20190414174402-00.jpg,480,640,dog,255,466,433,610
02-20190414174404-00.jpg,480,640,dog,267,465,479,610
02-20190414174531-00.jpg,480,640,dog,324,434,480,621
02-20190414174532-00.jpg,480,640,dog,185,422,423,589
02-20190414174533-00.jpg,480,640,dog,143,435,292,640
02-20190414174541-00.jpg,480,640,dog,405,427,480,625
02-20190414174542-00.jpg,480,640,dog,405,410,480,575
02-20190414174544-00.jpg,480,640,dog,394,437,480,576
02-20190414174546-00.jpg,480,640,dog,396,439,480,576
02-20190414174548-00.jpg,480,640,dog,335,432,480,574
02-20190414174549-00.jpg,480,640,dog,275,405,437,543
02-20190414174551-00.jpg,480,640,dog,261,379,330,525
02-20190414174553-00.jpg,480,640,dog,306,395,480,524
02-20190414174617-00.jpg,480,640,dog,114,450,385,640
